<?xml version="1.0"?>
<doc>
    <assembly>
        <name>EezeeScript</name>
    </assembly>
    <members>
        <member name="T:EezeeScript.ScriptHandler">
            <summary>
            Custom script command interface.
            </summary>
        </member>
        <member name="M:EezeeScript.ScriptHandler.OnScriptCommand(EezeeScript.ScriptContext,System.String,System.Collections.Generic.List{System.Object})">
            <summary>
            Called when a custom command is executed.
            </summary>
            <param name="scriptContext">Script context to which the handler is bound.</param>
            <param name="strCommand">Name of the custom command.</param>
            <param name="listParameters">List of parameter values passed from the script.</param>
        </member>
        <member name="M:EezeeScript.ScriptHandler.OnScriptVariableUpdate(EezeeScript.ScriptContext,System.String,System.Object)">
            <summary>
            Called when a local or global variable is set or updated.
            </summary>
            <param name="scriptContext">Script context to which the handler is bound.</param>
            <param name="strIdentifier">Variable identifier.</param>
            <param name="objectValue">Variable value.</param>
        </member>
        <member name="M:EezeeScript.ScriptHandler.OnScriptInterrupt(EezeeScript.ScriptContext)">
            <summary>
            Called when an interrupt is generated.
            </summary>
            <param name="scriptContext">Script context to which the handler is bound.</param>
        </member>
        <member name="T:EezeeScript.ScriptException">
            <summary>
            The API's exception class for script compilation, runtime
            and host usage errors.
            </summary>
        </member>
        <member name="M:EezeeScript.ScriptException.#ctor">
            <summary>
            Constructs an exception without any parameters.
            </summary>
        </member>
        <member name="M:EezeeScript.ScriptException.#ctor(System.String)">
            <summary>
            Constructs an eexception with the given message.
            </summary>
            <param name="strMessage">Exception message.</param>
        </member>
        <member name="M:EezeeScript.ScriptException.#ctor(System.String,System.Exception)">
            <summary>
            Constructs an exception with the given message and inner exception.
            </summary>
            <param name="strMessage">Exception message.</param>
            <param name="exceptionInner">Inner exception wrapped by this exception.</param>
        </member>
        <member name="M:EezeeScript.ScriptException.#ctor(System.String,EezeeScript.Statement)">
            <summary>
            Constructs an exception with the given message and script statement.
            </summary>
            <param name="strMessage">Exception message.</param>
            <param name="statement">Script statement where the runtime or
            compilation exception occured.</param>
        </member>
        <member name="M:EezeeScript.ScriptException.#ctor(System.String,System.Exception,EezeeScript.Statement)">
            <summary>
            Constructs an exception with the given message, script statement
            and inner exception.
            </summary>
            <param name="strMessage">Exception message.</param>
            <param name="exceptionInner">Inner exception wrapped by this exception.</param>
            <param name="statement">Script statement where the runtime or
            compilation exception occured.</param>
        </member>
        <member name="P:EezeeScript.ScriptException.Message">
            <summary>
            Exception message.
            </summary>
        </member>
        <member name="P:EezeeScript.ScriptException.InnerException">
            <summary>
            Inner exception wrapped by this exception.
            </summary>
        </member>
        <member name="P:EezeeScript.ScriptException.Statement">
            <summary>
            Script statement where the runtime or
            compilation exception occured.
            </summary>
        </member>
        <member name="T:EezeeScript.ScriptBlock">
            <summary>
            Main execution block, named block or anonymous statement block.
            </summary>
        </member>
        <member name="M:EezeeScript.ScriptBlock.#ctor(EezeeScript.Script,System.String)">
            <summary>
            Constructs a script block for the given script and with
            the given name.
            </summary>
            <param name="script">Script containing the block.</param>
            <param name="strName">Name of the block.</param>
        </member>
        <member name="M:EezeeScript.ScriptBlock.ToString">
            <summary>
            Returns a string representation of the script block.
            </summary>
            <returns>String representation of the script block</returns>
        </member>
        <member name="P:EezeeScript.ScriptBlock.Script">
            <summary>
            Script containing the block.
            </summary>
        </member>
        <member name="P:EezeeScript.ScriptBlock.Name">
            <summary>
            Name of the script block.
            </summary>
        </member>
        <member name="T:EezeeScript.Script">
            <summary>
            Class representation of a script containing the compiled statements,
            script blocks and other structures used to support execution.
            </summary>
        </member>
        <member name="M:EezeeScript.Script.#ctor(EezeeScript.ScriptManager,System.String)">
            <summary>
            Constructs a new script for the given script manager and
            resource name. The name is used to retrieve the script
            from disk or from another source through the usage of
            custom script loaders.
            </summary>
            <param name="scriptManager">
            Script manager associated with the script.</param>
            <param name="strName">Resource name for the script.</param>
        </member>
        <member name="M:EezeeScript.Script.ToString">
            <summary>
            Returns a string representation of the script.
            </summary>
            <returns>String representation of the script</returns>
        </member>
        <member name="P:EezeeScript.Script.Name">
            <summary>
            Script resource name.
            </summary>
        </member>
        <member name="P:EezeeScript.Script.Manager">
            <summary>
            Script manager bound to this script.
            </summary>
        </member>
        <member name="P:EezeeScript.Script.MainBlock">
            <summary>
            Main execution block.
            </summary>
        </member>
        <member name="P:EezeeScript.Script.Blocks">
            <summary>
            Named blocks within the scripts.
            </summary>
        </member>
        <member name="T:EezeeScript.CommandPrototype">
            <summary>
            Represents the format of a registerable external command.
            </summary>
        </member>
        <member name="M:EezeeScript.CommandPrototype.#ctor(System.String)">
            <summary>
            Constructs a new command prototype.
            </summary>
            <param name="strName">Name of the command.</param>
        </member>
        <member name="M:EezeeScript.CommandPrototype.AddParameterType(System.Type)">
            <summary>
            Adds a new parameter with the given type to the
            command prototype. Only int, float, boolean and
            String types are allowed.
            </summary>
            <param name="type">Type of the parameter.</param>
        </member>
        <member name="M:EezeeScript.CommandPrototype.ToString">
            <summary>
            Returns a string representation of the command
            prototype.
            </summary>
            <returns>string representation of the command
            prototype.</returns>
        </member>
        <member name="P:EezeeScript.CommandPrototype.ParameterTypes">
            <summary>
            Enumerable collection of parameter types defined by
            the command prototype.
            </summary>
        </member>
        <member name="P:EezeeScript.CommandPrototype.Name">
            <summary>
            Name of the command.
            </summary>
        </member>
        <member name="T:EezeeScript.ScriptLoader">
            <summary>
            Interface for custom script loader implementations.
            </summary>
        </member>
        <member name="M:EezeeScript.ScriptLoader.LoadScript(System.String)">
            <summary>
            Implements a script loading function for the given
            resource name. The method is used to load primary
            scripts and also other scripts referenced using
            the INCLUDE script statement.
            </summary>
            <param name="strResourceName">Name of the script to load.</param>
            <returns>List of statement lines constituting the script.</returns>
        </member>
        <member name="T:EezeeScript.VariableDictionary">
            <summary>
            Local or global variable dictionary.
            </summary>
        </member>
        <member name="M:EezeeScript.VariableDictionary.#ctor(EezeeScript.VariableDictionary)">
            <summary>
            Constructs a variable dictionary with an optional reference
            to a global dictionary. If no parameter is specified, this
            dictionary itself is assumed to be the global dictionary
            for the owning script manager.
            </summary>
            <param name="variableDictionaryGlobal"></param>
        </member>
        <member name="M:EezeeScript.VariableDictionary.Clear">
            <summary>
            Clears the dictionary from all the variables.
            </summary>
        </member>
        <member name="M:EezeeScript.VariableDictionary.HasVariable(System.String)">
            <summary>
            Indicates if a given variable is defined within the dictionary.
            If this dictionary is not the global dictionary, it looks
            up the variable in the latter.
            </summary>
            <param name="strIdentifier">Variable identifier to test.</param>
            <returns>True if the variable is in the dictionary,
            or false otherwise.</returns>
        </member>
        <member name="P:EezeeScript.VariableDictionary.Identifiers">
            <summary>
            Returns an enumerable collection of variable identifiers.
            </summary>
        </member>
        <member name="P:EezeeScript.VariableDictionary.Item(System.String)">
            <summary>
            Returns a variable value indexed by its identifier. If the
            dictionary is local, it refers to the global dictionary.
            </summary>
            <param name="strIdentifier">Identifier of the variable value
            to retrieve.</param>
            <returns>Variable value.</returns>
        </member>
        <member name="T:EezeeScript.ScriptManager">
            <summary>
            Manager class for defining a script environment and global
            variable scope.
            </summary>
        </member>
        <member name="M:EezeeScript.ScriptManager.#ctor">
            <summary>
            Constructs a new script manager.
            </summary>
        </member>
        <member name="M:EezeeScript.ScriptManager.RegisterCommand(EezeeScript.CommandPrototype)">
            <summary>
            Registers a new custom command using the given prototype.
            </summary>
            <param name="commandPrototype">Prototype for the command.</param>
        </member>
        <member name="P:EezeeScript.ScriptManager.Loader">
            <summary>
            Script loader bound to the manager. The default loader
            retrieves scripts from disk.
            </summary>
        </member>
        <member name="P:EezeeScript.ScriptManager.CommandPrototypes">
            <summary>
            Command prototypes registered with the script manager.
            </summary>
        </member>
        <member name="P:EezeeScript.ScriptManager.GlobalVariables">
            <summary>
            Global variables currently set in the script manager.
            </summary>
        </member>
        <member name="T:EezeeScript.ScriptContext">
            <summary>
            Execution context for a specific code block within a script. An
            instance of this class represents a running instance of the
            script. Multiple contexts can be created for any given script,
            each of which having its own state and local variable scope.
            </summary>
        </member>
        <member name="M:EezeeScript.ScriptContext.#ctor(EezeeScript.ScriptBlock)">
            <summary>
            Constructs a script context for the given script block.
            </summary>
            <param name="scriptBlock">Code block from a specific script.</param>
        </member>
        <member name="M:EezeeScript.ScriptContext.#ctor(EezeeScript.Script)">
            <summary>
            Constructs a script context for the main code block of
            the given script.
            </summary>
            <param name="script">Script referenced by the context.</param>
        </member>
        <member name="M:EezeeScript.ScriptContext.Execute">
            <summary>
            Executes the associated script block indefinitely until the
            end of the block is reached or an interrupt is generated.
            This method may retain control indefinitely if the script
            block contains an infinite loop and no YIELD statements
            are used within the loop.
            </summary>
            <returns>Number of statements executed.</returns>
        </member>
        <member name="M:EezeeScript.ScriptContext.Execute(System.Int32)">
            <summary>
            Executes the associated script block for up to the given
            maximum of statements. The method may return before this
            maximum is reached if the end of the block is reached
            or an interrupt is triggered.
            </summary>
            <param name="iStatements">Maximum number of statements to execute.</param>
            <returns>Number of statements executed.</returns>
        </member>
        <member name="M:EezeeScript.ScriptContext.Execute(System.TimeSpan)">
            <summary>
            Executes the associated script block for the given time
            interval. The method may return earlier if the end of the
            code block is reached or an interrupt is generated.
            </summary>
            <param name="tsInterval">Time slot allowed for the script.</param>
            <returns></returns>
        </member>
        <member name="M:EezeeScript.ScriptContext.Restart">
            <summary>
            Resets the execution state of the script and clears the
            local variable scope from all variables.
            </summary>
        </member>
        <member name="P:EezeeScript.ScriptContext.Block">
            <summary>
            Script block referenced by this context.
            </summary>
        </member>
        <member name="P:EezeeScript.ScriptContext.InterruptOnCustomCommand">
            <summary>
            Enable/disable flag for automatic interrupt generation
            when custom commands are executed.
            </summary>
        </member>
        <member name="P:EezeeScript.ScriptContext.Interrupted">
            <summary>
            Indicates if the context terminated due to an interrupt
            or otherwise.
            </summary>
        </member>
        <member name="P:EezeeScript.ScriptContext.Terminated">
            <summary>
            Indicates if the end of the reference code block was
            reached in the last run.
            </summary>
        </member>
        <member name="P:EezeeScript.ScriptContext.NextStatement">
            <summary>
            The next statement in the execution pipeline or null
            if there are no statements to execute.
            </summary>
        </member>
        <member name="P:EezeeScript.ScriptContext.LocalVariables">
            <summary>
            Local variable dictionary.
            </summary>
        </member>
        <member name="P:EezeeScript.ScriptContext.GlobalVariables">
            <summary>
            Global variable dictionary. This is also
            avialble from the associated script manager.
            </summary>
        </member>
        <member name="P:EezeeScript.ScriptContext.Handler">
            <summary>
            Script handler for this context.
            </summary>
        </member>
        <member name="T:EezeeScript.StatementType">
            <summary>
            Enumerated type representing the type of a
            particular script statement.
            </summary>
        </member>
        <member name="F:EezeeScript.StatementType.BlankLine">
            <summary>
            Blank line.
            </summary>
        </member>
        <member name="F:EezeeScript.StatementType.Comment">
            <summary>
            Comment line.
            </summary>
        </member>
        <member name="F:EezeeScript.StatementType.Control">
            <summary>
            Control statement such as IF-THEN, CALL or WHILE 
            </summary>
        </member>
        <member name="F:EezeeScript.StatementType.Command">
            <summary>
            Custom command.
            </summary>
        </member>
        <member name="T:EezeeScript.Statement">
            <summary>
            A single script line representation constituting
            a statement.
            </summary>
        </member>
        <member name="M:EezeeScript.Statement.#ctor(EezeeScript.Script,System.Int32,System.String)">
            <summary>
            Constructs a statement for the given script, with
            the given line number and given statement in string
            form. The statement is partially compiled to allow for
            efficient execution.
            </summary>
            <param name="script">Script to which the statement belongs.</param>
            <param name="iLine">Line number for the statement.</param>
            <param name="strStatement">Statement in uncompiled string form.</param>
        </member>
        <member name="M:EezeeScript.Statement.ToString">
            <summary>
            Returns a string representation of the statement.
            </summary>
            <returns>String representation of the statement</returns>
        </member>
        <member name="P:EezeeScript.Statement.Script">
            <summary>
            Script to which this statement belongs.
            </summary>
        </member>
        <member name="P:EezeeScript.Statement.Line">
            <summary>
            Line number for the statement within the associated script.
            </summary>
        </member>
        <member name="P:EezeeScript.Statement.Type">
            <summary>
            Statement type (comment, blank line, control statement or
            custom command). 
            </summary>
        </member>
    </members>
</doc>
